"","JD","hw.reg","mid.reg","ms.reg"
"1",1,5.13359496762749,5.0821334133299,6.09298939359771
"2",1.5,6.23809496762749,6.57377774322681,7.32634772693104
"3",2,5.12895016999126,5.07779373351429,6.0851769871098
"4",2.5,6.22360537235504,6.55807570318321,7.30491624728856
"5",3,5.11938297353693,5.06777287358468,6.0705550440446
"6",3.5,6.21636057471881,6.55022468316141,7.29420050746732
"7",4,5.1134381759007,5.06167752366598,6.06129097089003
"8",4.5,6.20911577708259,6.54237366313962,7.28348476764608
"9",5,5.10981577708259,5.05775201365508,6.05593310097941
"10",5.5,6.20911577708259,6.54237366313962,7.28348476764608
"11",6,5.10749337826448,5.05558217374727,6.05202689773546
"12",6.5,6.20187097944636,6.53452264311782,7.27276902782483
"13",7,5.10387097944636,5.05165666373638,6.04666902782483
"14",7.5,6.20187097944636,6.53452264311782,7.27276902782483
"15",8,5.10154858062825,5.04948682382857,6.04276282458088
"16",8.5,6.19462618181014,6.52667162309602,7.26205328800359
"17",9,5.09792618181014,5.04556131381767,6.03740495467026
"18",9.5,6.19462618181014,6.52667162309602,7.26205328800359
"19",10,5.09792618181014,5.04556131381767,6.03740495467026
"20",10.5,6.19462618181014,6.52667162309602,7.26205328800359
"21",11,5.09792618181014,5.04556131381767,6.03740495467026
"22",11.5,6.19462618181014,6.52667162309602,7.26205328800359
"23",12,5.09792618181014,5.04556131381767,6.03740495467026
"24",12.5,6.19462618181014,6.52667162309602,7.26205328800359
"25",13,5.09792618181014,5.04556131381767,6.03740495467026
"26",13.5,6.19462618181014,6.52667162309602,7.26205328800359
"27",14,5.10024858062825,5.04773115372548,6.04131115791421
"28",14.5,6.20187097944636,6.53452264311782,7.27276902782483
"29",15,5.10387097944636,5.05165666373638,6.04666902782483
"30",15.5,6.20187097944636,6.53452264311782,7.27276902782483
"31",16,5.10619337826448,5.05382650364418,6.05057523106879
"32",16.5,6.20911577708259,6.54237366313962,7.28348476764608
"33",17,5.1121381759007,5.05992185356289,6.05983930422336
"34",17.5,6.21636057471881,6.55022468316141,7.29420050746732
"35",18,5.11808297353693,5.06601720348159,6.06910337737794
"36",18.5,6.22360537235504,6.55807570318321,7.30491624728856
"37",19,5.12402777117315,5.0721125534003,6.07836745053251
"38",19.5,6.23085016999126,6.56592672320501,7.3156319871098
"39",20,5.12997256880937,5.078207903319,6.08763152368709
"40",20.5,6.23809496762749,6.57377774322681,7.32634772693104
"41",21,5.13823976526371,5.08647309314551,6.10080180008562
"42",21.5,6.25258456289993,6.5894797832704,7.34777920657353
"43",22,5.14780696171805,5.09649395307512,6.11542374315081
"44",22.5,6.25982936053616,6.5973308032922,7.35849494639477
"45",23,5.15607415817238,5.10475914290163,6.12859401954934
"46",23.5,6.27431895580861,6.6130328433358,7.37992642603725
"47",24,5.16564135462672,5.11478000283123,6.14321596261454
"48",24.5,6.28156375344483,6.62088386335759,7.39064216585849
"49",25,5.17390855108106,5.12304519265774,6.15638623901307
"50",25.5,6.29605334871728,6.63658590340119,7.41207364550098
"51",26,5.18579814635351,5.13523589249515,6.17491438532222
"52",26.5,6.31054294398973,6.65228794344478,7.43350512514346
"53",27,5.19768774162595,5.14742659233256,6.19344253163137
"54",27.5,6.32503253926218,6.66798998348838,7.45493660478594
"55",28,5.2095773368984,5.15961729216997,6.21197067794052
"56",28.5,6.33952213453463,6.68369202353198,7.47636808442843
"57",29,5.22378933098896,5.17397783191519,6.23440502749362
"58",29.5,6.3612565274433,6.70724508359737,7.50851530389215
"59",30,5.23930132507953,5.1900940417635,6.25829104371339
"60",30.5,6.37574612271575,6.72294712364096,7.52994678353463
"61",31,5.25119092035197,5.20228474160091,6.27681919002254
"62",31.5,6.3902357179882,6.73864916368456,7.55137826317712
"63",32,5.26540291444253,5.21664528134612,6.29925353957565
"64",32.5,6.41197011089687,6.76220222374995,7.58352548264084
"65",33,5.2809149085331,5.23276149119443,6.32313955579542
"66",33.5,6.42645970616932,6.77790426379355,7.60495696228333
"67",34,5.29512690262366,5.24712203093965,6.34557390534852
"68",34.5,6.44819409907799,6.80145732385894,7.63710418174705
"69",35,5.31296129553233,5.26540808069576,6.37336612481225
"70",35.5,6.46992849198667,6.82501038392433,7.66925140121078
"71",36,5.330795688441,5.28369413045188,6.40115834427597
"72",36.5,6.49166288489534,6.84856344398973,7.7013986206745
"73",37,5.34630768253156,5.29981034030018,6.42504436049574
"74",37.5,6.50615248016779,6.86426548403332,7.72283010031698
"75",38,5.36051967662212,5.3141708800454,6.44747871004885
"76",38.5,6.52788687307646,6.88781854409872,7.75497731978071
"77",39,5.3783540695308,5.33245692980152,6.47527092951257
"78",39.5,6.54962126598513,6.91137160416411,7.78712453924443
"79",40,5.39618846243947,5.35074297955763,6.5030631489763
"80",40.5,6.57135565889381,6.9349246642295,7.81927175870816
"81",41,5.41634525416626,5.37119886922155,6.53476157168398
"82",41.5,6.60033484943871,6.96632874431669,7.86213471799313
"83",42,5.43780204589304,5.39341042898856,6.56791166105832
"84",42.5,6.62206924234738,6.98988180438209,7.89428193745685
"85",43,5.45563643880172,5.41169647874468,6.59570388052205
"86",43.5,6.64380363525605,7.01343486444748,7.92642915692058
"87",44,5.47347083171039,5.42998252850079,6.62349609998577
"88",44.5,6.66553802816472,7.03698792451287,7.9585763763843
"89",45,5.49362762343717,5.45043841816472,6.65519452269345
"90",45.5,6.69451721870962,7.06839200460006,8.00143933566927
"91",46,5.51508441516396,5.47264997793173,6.6883446120678
"92",46.5,6.71625161161829,7.09194506466546,8.03358655513299
"93",47,5.53524120689074,5.49310586759565,6.72004303477548
"94",47.5,6.74523080216319,7.12334914475265,8.07644951441796
"95",48,5.55669799861753,5.51531742736266,6.75319312414982
"96",48.5,6.76696519507187,7.14690220481804,8.10859673388169
"97",49,5.57685479034431,5.53577331702658,6.7848915468575
"98",49.5,6.79594438561676,7.17830628490523,8.15145969316665
"99",50,5.60063398088921,5.5601547167014,6.8219478394758
"100",50.5,6.82492357616166,7.20971036499242,8.19432265245162
"101",51,5.622090772616,5.58236627646842,6.85509792885015
"102",51.5,6.84665796907033,7.23326342505781,8.22646987191535
"103",52,5.64224756434278,5.60282216613234,6.88679635155783
"104",52.5,6.87563715961523,7.264667505145,8.26933283120031
"105",53,5.66602675488768,5.62720356580716,6.92385264417613
"106",53.5,6.90461635016013,7.2960715852322,8.31219579048528
"107",54,5.68980594543258,5.65158496548198,6.96090893679443
"108",54.5,6.93359554070503,7.32747566531939,8.35505874977025
"109",55,5.71358513597747,5.6759663651568,6.99796522941273
"110",55.5,6.96257473124992,7.35887974540658,8.39792170905521
"111",56,5.73736432652237,5.70034776483162,7.03502152203103
"112",56.5,6.99155392179482,7.39028382549377,8.44078466834018
"113",57,5.76114351706727,5.72472916450644,7.07207781464933
"114",57.5,7.02053311233972,7.42168790558096,8.48364762762515
"115",58,5.78492270761217,5.74911056418126,7.10913410726763
"116",58.5,7.04951230288462,7.45309198566815,8.52651058691011
"117",59,5.80870189815707,5.77349196385607,7.14619039988593
"118",59.5,7.07849149342951,7.48449606575534,8.56937354619508
"119",60,5.83248108870196,5.79787336353089,7.18324669250423
"120",60.5,7.10747068397441,7.51590014584253,8.61223650548005
"121",61,5.85626027924686,5.82225476320571,7.22030298512253
"122",61.5,7.13644987451931,7.54730422592972,8.65509946476501
"123",62,5.88236186860987,5.84880600278834,7.26126548098479
"124",62.5,7.17267386270043,7.58655932603871,8.70867816387122
"125",63,5.90976345797288,5.87711291247406,7.30367964351371
"126",63.5,7.20165305324533,7.6179634061259,8.75154112315619
"127",64,5.93586504733589,5.90366415205668,7.34464213937596
"128",64.5,7.23787704142645,7.65721850623489,8.8051198222624
"129",65,5.9632666366989,5.9319710617424,7.38705630190488
"130",65.5,7.26685623197135,7.68862258632208,8.84798278154736
"131",66,5.98936822606191,5.95852230132503,7.42801879776713
"132",66.5,7.30308022015247,7.72787768643107,8.90156148065357
"133",67,6.01909221424303,5.98899905091855,7.47433916354001
"134",67.5,7.33930420833359,7.76713278654006,8.95514017975978
"135",68,6.04649380360604,6.01730596060427,7.51675332606893
"136",68.5,7.36828339887849,7.79853686662725,8.99800313904475
"137",69,6.07259539296905,6.0438572001869,7.55771582193118
"138",69.5,7.40450738705961,7.83779196673624,9.05158183815096
"139",70,6.10231938115017,6.07433394978042,7.60403618770406
"140",70.5,7.44073137524073,7.87704706684522,9.10516053725716
"141",71,6.13204336933129,6.10481069937394,7.65035655347693
"142",71.5,7.47695536342185,7.91630216695421,9.15873923636337
"143",72,6.16176735751242,6.13528744896747,7.69667691924981
"144",72.5,7.51317935160298,7.9555572670632,9.21231793546958
"145",73,6.19149134569354,6.16576419856099,7.74299728502268
"146",73.5,7.5494033397841,7.99481236717219,9.26589663457579
"147",74,6.22353773269277,6.19841078806232,7.79322385403951
"148",74.5,7.59287212560144,8.04191848730297,9.33019107350324
"149",75,6.25688411969201,6.23281304766675,7.84490208972301
"150",75.5,7.62909611378257,8.08117358741196,9.38376977260945
"151",76,6.28660810787313,6.26328979726027,7.89122245549588
"152",76.5,7.66532010196369,8.12042868752095,9.43734847171566
"153",77,6.31633209605425,6.2937665468538,7.93754282126876
"154",77.5,7.70154409014481,8.15968378762994,9.49092717082186
"155",78,6.34837848305348,6.32641313635513,7.98776939028559
"156",78.5,7.74501287596216,8.20678990776073,9.55522160974932
"157",79,6.38172487005272,6.36081539595955,8.03944762596909
"158",79.5,7.78123686414328,8.24604500786972,9.60880030885552
"159",80,6.41377125705195,6.39346198546088,8.08967419498591
"160",80.5,7.82470564996062,8.2931511280005,9.67309474778297
"161",81,6.4494400428693,6.43003408497311,8.14525863391336
"162",81.5,7.86817443577797,8.34025724813129,9.73738918671042
"163",82,6.48278642986853,6.46443634457754,8.19693686959686
"164",82.5,7.90439842395909,8.37951234824028,9.79096788581663
"165",83,6.51483281686777,6.49708293407887,8.24716343861369
"166",83.5,7.94786720977644,8.42661846837106,9.85526232474408
"167",84,6.55050160268511,6.5336550335911,8.30274787754114
"168",84.5,7.99133599559379,8.47372458850185,9.91955676367153
"169",85,6.58617038850246,6.57022713310333,8.35833231646859
"170",85.5,8.03480478141113,8.52083070863264,9.98385120259898
"171",86,6.61951677550169,6.60462939270775,8.41001055215209
"172",86.5,8.07102876959225,8.56008580874163,10.0374299017052
"173",87,6.65156316250093,6.63727598220908,8.46023712116892
"174",87.5,8.1144975554096,8.60719192887241,10.1017243406326
"175",88,6.68723194831827,6.67384808172131,8.51582156009637
"176",88.5,8.15796634122695,8.6542980490032,10.1660187795601
"177",89,6.72290073413562,6.71042018123354,8.57140599902382
"178",89.5,8.2014351270443,8.70140416913399,10.2303132184875
"179",90,6.75856951995297,6.74699228074577,8.62699043795127
"180",90.5,8.24490391286164,8.74851028926477,10.294607657415
"181",91,6.79423830577031,6.783564380258,8.68257487687872
"182",91.5,8.28837269867899,8.79561640939556,10.3589020963424
"183",92,6.82990709158766,6.82013647977023,8.73815931580617
"184",92.5,8.33184148449633,8.84272252952634,10.4231965352699
"185",93,6.86557587740501,6.85670857928246,8.79374375473362
"186",93.5,8.37531027031368,8.88982864965713,10.4874909741973
"187",94,6.90124466322235,6.89328067879469,8.84932819366107
"188",94.5,8.41877905613103,8.93693476978792,10.5517854131248
"189",95,6.9369134490397,6.92985277830692,8.90491263258852
"190",95.5,8.46224784194837,8.9840408899187,10.6160798520522
"191",96,6.97258223485705,6.96642487781915,8.96049707151597
"192",96.5,8.50571662776572,9.03114701004949,10.6803742909797
"193",97,7.0105734194925,7.00516681723918,9.01998771368737
"194",97.5,8.55643021121929,9.08610415020207,10.7553844697284
"195",98,7.04986460412796,7.04566442676231,9.08093002252544
"196",98.5,8.59989899703664,9.13321027033286,10.8196789086558
"197",99,7.08553338994531,7.08223652627454,9.13651446145289
"198",99.5,8.64336778285398,9.18031639046365,10.8839733475833
"199",100,7.12120217576266,7.11880862578677,9.19209890038034
"200",100.5,8.68683656867133,9.22742251059443,10.9482677865107
"201",101,7.15687096158,7.155380725299,9.24768333930779
"202",101.5,8.73030535448868,9.27452863072522,11.0125622254382
"203",102,7.19253974739735,7.19195282481123,9.30326777823524
"204",102.5,8.77377414030602,9.32163475085601,11.0768566643656
"205",103,7.23053093203281,7.23069476423127,9.36275842040665
"206",103.5,8.82448772375959,9.37659189100859,11.1518668431143
"207",104,7.26982211666827,7.27119237375439,9.42370072924472
"208",104.5,8.86795650957694,9.42369801113938,11.2161612820418
"209",105,7.30549090248561,7.30776447326662,9.47928516817217
"210",105.5,8.91142529539429,9.47080413127016,11.2804557209692
"211",106,7.34348208712107,7.34650641268666,9.53877581034357
"212",106.5,8.96213887884786,9.52576127142275,11.3554658997179
"213",107,7.36651648002974,7.37181514285515,9.57237469647396
"214",107.5,8.95489408121163,9.51791025140095,11.3447501598967
"215",108,7.39308526584709,7.39609755164573,9.61779746873475
"216",108.5,9.04907645048255,9.61997351168432,11.4840547775728
"217",109,7.45643324220933,7.46231806114205,9.7147932002805
"218",109.5,9.09979003393612,9.6749306518369,11.5590649563215
"219",110,7.49572442684479,7.50281567066518,9.77573550911857
"220",110.5,9.14325881975347,9.72203677196769,11.623359395249
"221",111,7.53139321266214,7.53938777017741,9.83131994804602
"222",111.5,9.18672760557081,9.76914289209848,11.6876538341764
"223",112,7.5693843972976,7.57812970959745,9.89081059021743
"224",112.5,9.23744118902438,9.82410003225106,11.7626640129251
"225",113,7.60867558193306,7.61862731912058,9.9517528990555
"226",113.5,9.28090997484173,9.87120615238185,11.8269584518526
"227",114,7.64666676656852,7.65736925854061,10.0112435412269
"228",114.5,9.3316235582953,9.92616329253443,11.9019686306012
"229",115,7.68828035002209,7.70003670797155,10.0760920533089
"230",115.5,9.38233714174887,9.98112043268701,11.9769788093499
"231",116,7.72757153465755,7.74053431749467,10.137034362147
"232",116.5,9.42580592756622,10.0282265528178,12.0412732482774
"233",117,7.765562719293,7.77927625691471,10.1965250043184
"234",117.5,9.47651951101979,10.0831836929704,12.1162834270261
"235",118,7.80717630274658,7.82194370634564,10.2613735164004
"236",118.5,9.52723309447336,10.138140833123,12.1912936057748
"237",119,7.83040095111753,7.84743019405151,10.2952924063554
"238",119.5,9.5205818048568,10.1309329840466,12.1814557203588
"239",120,7.84651704980439,7.86199088042518,10.3230738770805
"240",120.5,9.58123094755323,10.1966570604837,12.2711615294303
"241",121,7.89658319510963,7.91329766408572,10.4011315006465
"242",121.5,9.6428154209967,10.2633947332683,12.3622507809987
"243",122,7.94742406969592,7.96539813872909,10.4803973174909
"244",122.5,9.70535779015305,10.3311704555331,12.4547568507794
"245",123,7.99905827921315,8.01831137302814,10.5609003328124
"246",123.5,9.76888089987664,10.4000089837196,12.5487135284691
"247",124,8.0515045916858,8.07205660826696,10.6426697965277
"248",124.5,9.83340766499393,10.4699351500965,12.6441547072601
"249",125,8.1047818001669,8.12665311433982,10.725734993553
"250",125.5,9.89896096926867,10.5409737532705,12.7411142343998
"251",126,8.15890864234806,8.18212010709639,10.8101251188392
"252",126.5,9.96556357221345,10.6131494572003,12.8396257733564
"253",127,8.21390378383779,8.23847672575893,10.8958692586993
"254",127.5,10.0332382022781,10.6864868921824,12.9397229416534
"255",128,8.26978587471325,8.29574209271864,10.9829964764741
"256",128.5,10.1020075879124,10.7610106885135,13.0414393568145
"257",129,8.32657351440917,8.35393528305109,11.0715357503252
"258",129.5,10.1718942995857,10.8367453052902,13.1448084026948
"259",130,8.38428502080037,8.41307509696905,11.1615156008643
"260",130.5,10.2429202758446,10.9137145168094,13.2498625284767
"261",131,8.44293834515801,8.47317994496973,11.2529639961878
"262",131.5,10.3151072972553,10.9919419261681,13.3566339496742
"263",132,8.50255129482995,8.53426809128281,11.3459086783425
"264",132.5,10.3884769418234,11.0714509169529,13.4651545821951
"265",133,8.56314131615167,8.59635744771262,11.4403768027107
"266",133.5,10.4630499773119,11.1522639947094,13.575455143522
"267",134,8.62472538540436,8.65946542637539,11.5363948162468
"268",134.5,10.5388469689232,11.2344034454729,13.687566051531
"269",135,8.68732023517851,8.72360919657677,11.6339887765721
"270",135.5,10.6158880376057,11.317891073851,13.8015170670052
"271",136,8.750941806296,8.78880515468681,11.7331834546417
"272",136.5,10.6941915272927,11.4027467587407,13.9173353223538
"273",137,8.81560500866061,8.85506860116483,11.8340020676937
"274",137.5,10.7737753376634,11.4889898976114,14.0350472928926
"275",138,8.8813245300492,8.92241459575634,11.9364675044197
"276",138.5,10.854657368397,11.5766398879325,14.1546794539376
"277",139,8.94811485557424,8.99085800885552,12.0406023126358
"278",139.5,10.9368548869548,11.6657154420532,14.2762573456945
"279",140,9.01598934358164,9.06041261089126,12.1464272091024
"280",140.5,11.0203826319259,11.7562325318425,14.3998027679282
"281",141,9.08495988531687,9.13109061270092,12.253960699484
"282",141.5,11.1052547096812,11.8482064440491,14.5253365852935
"283",142,9.15503787653287,9.20290371496207,12.3632205201726
"284",142.5,11.1914846669993,11.9416518590043,14.652878834755
"285",143,9.22623371565242,9.27586264474459,12.4742227868452
"286",143.5,11.2790838122886,12.0365810313692,14.7824462425165
"287",144,9.29855650252973,9.34997674868357,12.5869816580809
"288",144.5,11.3680628943648,12.1330056093876,14.9140547070918
"289",145,9.37201472088874,9.4252547559652,12.7015103129102
"290",145.5,11.4584316128391,12.2309361043042,15.0477185751214
"291",146,9.44661498451491,9.5017035703155,12.8178188916133
"292",146.5,11.5501954705034,12.3303784793676,15.1834459857543
"293",147,9.5223614724501,9.57932750722229,12.935913865021
"294",147.5,11.6433589209449,12.4313375608275,15.3212435262665
"295",148,9.5992578391338,9.65813031367392,13.0558009280279
"296",148.5,11.7379264177507,12.5338181749335,15.4611177839339
"297",149,9.67730737342309,9.73811539509153,13.1774851606298
"298",149.5,11.8339012740622,12.6378239120603,15.6030736592053
"299",150,9.75651133162267,9.81928417269009,13.3009683398163
"300",150.5,11.9312822412367,12.743353419083,15.7471093052206
"301",151,9.83686832356295,9.90163525436751,13.426248254024
"302",151.5,12.030066930186,12.8504041070014,15.8932211882923
"303",152,9.91837593164884,9.98516620291538,13.5533210792753
"304",152.5,12.1302515255634,12.9589718412127,16.0414036651628
"305",153,10.0010291963459,10.0698720996485,13.6821788608049
"306",153.5,12.2318265069902,13.0690463047018,16.1916426542926
"307",154,10.084819848401,10.1557445075069,13.8128086557059
"308",154.5,12.3347809278292,13.180615634851,16.343921964572
"309",155,10.1697389054317,10.242774216629,13.9451964662863
"310",155.5,12.4391038414436,13.2936679690424,16.4982254048912
"311",156,10.255776820715,10.330951489884,14.0793273456501
"312",156.5,12.5447825407165,13.4081895368665,16.6545341802244
"313",157,10.3429209099235,10.4202635271682,14.2151812481264
"314",157.5,12.6517972766116,13.5241589367486,16.8128190798823
"315",158,10.4311544034295,10.5106931855258,14.3527319710084
"316",158.5,12.7601265396129,13.6415528593223,16.9730482892592
"317",159,10.5204592115955,10.602221957224,14.491951269952
"318",159.5,12.8697474483284,13.7603465085514,17.1351879646161
"319",160,10.6108147997673,10.6948289476708,14.6328069273306
"320",160.5,12.9806316338642,13.8805091417199,17.2991961456798
"321",161,10.7021974497703,10.7884898780531,14.775261927571
"322",161.5,13.0927493554503,14.0020085294419,17.4650288430431
"323",162,10.794582037138,10.8831790531897,14.9192770289211
"324",162.5,13.2060686251512,14.1248100071297,17.632638743529
"325",163,10.8879394324078,10.9788668681654,15.0648064812943
"326",163.5,13.3205484663685,14.2488691693891,17.801965238879
"327",164,10.9822352914319,11.0755181746284,15.2117966754512
"328",164.5,13.4361456553381,14.3741391756245,17.9729443970645
"329",165,11.0774341464797,11.1730966066262,15.3601923402672
"330",165.5,13.552816968296,14.5005731852401,18.1455122860567
"331",166,11.1734997276191,11.2715650487015,15.5099368553394
"332",166.5,13.6705166789844,14.6281216457457,18.3196012724027
"333",167,11.2703913048648,11.3708820314307,15.6609663524397
"334",167.5,13.7891890511717,14.756724157073,18.4951289169528
"335",168,11.3680623410433,11.4709999120965,15.813208211213
"336",168.5,13.9087758461327,14.8863176072595,18.672009079133
"337",169,11.4664644446848,11.5718691285998,15.9665869462824
"338",169.5,14.0292169439114,15.0168368456962,18.8501528358514
"339",170,11.5655458715086,11.6734368457799,16.1210216237724
"340",170.5,14.1504446996288,15.1482085671886,19.0294601339442
"341",171,11.6652505117228,11.7756455877488,16.276424730462
"342",171.5,14.2723895871748,15.2803574278956,19.2098281377295
"343",172,11.7655203257519,11.8784359351052,16.4327056981194
"344",172.5,14.3949789946963,15.4132047400274,19.3911494474196
"345",173,11.8662917744736,11.9817430997135,16.5897650214553
"346",173.5,14.5181279673657,15.5466584399979,19.5732984068026
"347",174,11.9674941581101,12.08549468135,16.7474924032169
"348",174.5,14.6417484646124,15.6806231202722,19.7561447955609
"349",175,12.0690552340117,12.1896166078165,16.9057752640983
"350",175.5,14.7657524458656,15.8150033733151,19.9395583933767
"351",176,12.1709018241085,12.2940339329427,17.0644994514456
"352",176.5,14.8900489524807,15.9497006293428,20.1234046638256
"353",177,12.2729555496126,12.3986666335441,17.2235423611592
"354",177.5,15.0145353535187,16.0846036695746,20.3075318060575
"355",178,12.3751312601683,12.5034274879659,17.3827711835783
"356",178.5,15.1391060999669,16.2195981129811,20.4917837031156
"357",179,12.4773412340817,12.6082266541945,17.5420490801319
"358",179.5,15.263652172952,16.354565818325,20.6759991057919
"359",180,12.5794915655222,12.7129682531753,17.7012291626954
"360",180.5,15.3880506741588,16.4893736035381,20.8599962358731
"361",181,12.6814802966366,12.8175478462044,17.8601524077846
"362",181.5,15.5121752354118,16.6238845263445,21.0435881828948
"363",182,12.7832037346416,12.9218591144735,18.0186572257896
"364",182.5,15.6358994885353,16.7579616444682,21.2265880363925
"365",183,12.8845573042814,13.0257949146722,18.1765805428093
"366",183.5,15.7590943124526,16.891465032378,21.4088048141008
"367",184,12.9854315239601,13.1292433138516,18.3337513118763
"368",184.5,15.8816195744829,17.0242428315212,21.5900312465523
"369",185,13.0857105238069,13.2320855880497,18.4899888581306
"370",185.5,16.0033323890442,17.1561402000898,21.7700559924787
"371",186,13.1852771529273,13.3342016108345,18.6451106313163
"372",186.5,16.12409016824,17.2870026188707,21.9486681509169
"373",187,13.2840147909747,13.4354717737027,18.7989349433465
"374",187.5,16.2437515149165,17.416676859031,22.1256585821241
"375",188,13.3818075084002,13.5357772024988,18.951281147249
"376",188.5,16.3621753296052,17.5450100143326,22.3008185866628
"377",189,13.4785394029159,13.6349990707698,19.1019686117075
"378",189.5,16.4792201335599,17.671848767523,22.4739389041076
"379",190,13.5740938962686,13.7330178921757,19.2508156069252
"380",190.5,16.5947429309228,17.7970381572908,22.644808030082
"381",191,13.6683535300675,13.8297132447523,19.3976390766336
"382",191.5,16.7086003465584,17.9204228113102,22.8132138992218
"383",192,13.7612006562832,13.9249645010281,19.5422556840701
"384",192.5,16.8206490053313,18.0418473572551,22.978944446163
"385",193,13.8525175360239,14.0186509486384,19.6844819396451
"386",193.5,16.930745248659,18.1611561156349,23.1417871862965
"387",194,13.9421859252267,14.1106513820628,19.8241335328383
"388",194.5,17.0387442841716,18.2781921782993,23.3015279580347
"389",195,14.0300869220728,14.2008438965583,19.961025161813
"390",195.5,17.1445010360521,18.3927983299332,23.4579521805451
"391",196,14.1161014160571,14.2891063712352,20.0949712024804
"392",196.5,17.2478702195907,18.504817128849,23.6108449640226
"393",197,14.200109924376,14.3753163217608,20.2257854257469
"394",197.5,17.3487057145048,18.6140902278684,23.7599901827714
"395",198,14.2819924794767,14.459350748493,20.3532808719439
"396",198.5,17.4468611916187,18.7204590534402,23.905171402123
"397",199,14.3616288150497,14.5410863570576,20.4772701000929
"398",199.5,17.5421897156008,18.8237643751361,24.046171290847
"399",200,14.438897584468,14.620398798459,20.5975639136414
"400",200.5,17.6345419264949,18.9238443350181,24.1827689314641
"401",201,14.5136760344821,14.6971622284011,20.7139709960888
"402",201.5,17.7237678581884,19.0205364182707,24.3147425099331
"403",202,14.5858411087646,14.7712504741491,20.8262995826537
"404",202.5,17.8097175445692,19.1136781100784,24.4418702122127
"405",203,14.6552699873738,14.8425375838259,20.9343583061483
"406",203.5,17.8922417569381,19.2031076947436,24.5639313149654
"407",204,14.7218411646181,14.9108988885434,21.0379579351113
"408",204.5,17.9711942162485,19.288666653039,24.6807094576684
"409",205,14.7854348460179,14.9762115385065,21.1369118170827
"410",205.5,18.0464293808672,19.3701972648551,24.7919893705029
"411",206,14.8459326055001,15.0383540175082,21.2310355264187
"412",206.5,18.1178048277567,19.4475451896324,24.8975603963475
"413",207,14.9032215750888,15.0972102352339,21.3201536696811
"414",207.5,18.185190608262,19.5205696050124,24.9972303288706
"415",208,14.9571961236991,15.1526717944985,21.4041017602913
"416",208.5,18.2484598923239,19.5891330681864,25.0908115744382
"417",209,15.0077534222837,15.204633148996,21.4827197082691
"418",209.5,18.3074897266495,19.6531023375083,25.17812227352
"419",210,15.0547975511376,15.2529954974169,21.5558586516861
"420",210.5,18.3621726650121,19.7123609759814,25.2590035030004
"421",211,15.0982415868284,15.2976696018806,21.6233832870711
"422",211.5,18.4124051379513,19.7667967477714,25.3333020738677
"423",212,15.1380005443069,15.3385683250875,21.6851611780049
"424",212.5,18.4580835760067,19.8162974170439,25.4008647971099
"425",213,15.1739906618997,15.37560567275,21.7410619457484
"426",213.5,18.4991082260779,19.860754883666,25.4615441284721
"427",214,15.2061349796166,15.4087022904787,21.7909662646626
"428",214.5,18.5353946005045,19.9000775903096,25.5152151027264
"429",215,15.234365393563,15.4377882382991,21.8347681563022
"430",215.5,18.566862027986,19.934178115348,25.5617583994018
"431",216,15.258616943902,15.4627967987794,21.8723665433086
"432",216.5,18.593433692582,19.962973215119,25.6010604004686
"433",217,15.2788315419874,15.4836679622406,21.9036715143763
"434",217.5,18.6150481997919,19.9863963578189,25.6330302976631
"435",218,15.2949600457702,15.5003512296256,21.9286066417908
"436",218.5,18.6316480104749,20.0043851896089,25.6575829851628
"437",219,15.3069552408819,15.5127981908593,21.9470983490583
"438",219.5,18.6431755854904,20.0168773566499,25.6746333571455
"439",220,15.3147713084376,15.5209617396813,21.9590754068462
"440",220.5,18.6495777389552,20.0238152226274,25.6841027466673
"441",221,15.3183701881176,15.5248023438509,21.9644791939061
"442",221.5,18.6508186980153,20.0251600213252,25.6859382422994
"443",222,15.3177239216008,15.524291209991,21.9632663139081
"444",222.5,18.646867043074,20.0208777040514,25.6800933714914
"445",223,15.3128076934784,15.5194028062945,21.9553982152204
"446",223.5,18.6376943688865,20.0109374886974,25.6665261202037
"447",224,15.3036020606499,15.5101168454777,21.9408450765012
"448",224.5,18.6232843276141,19.995321659488,25.6452123084396
"449",225,15.2900945750017,15.4964204762312,21.9195876186886
"450",225.5,18.6036235857702,19.9740157672311,25.6161322147129
"451",226,15.2722757387328,15.4783038288743,21.891611219288
"452",226.5,18.5787033117799,19.9470102413531,25.5792727762907
"453",227,15.2501440775465,15.4557648663834,21.8569142944294
"454",227.5,18.5485326817172,19.9143150257534,25.5346475654527
"455",228,15.223708564107,15.4288126573086,21.8155110050608
"456",228.5,18.5131253735681,19.8759449429499,25.482276813232
"457",229,15.1929804220348,15.3974587095091,21.7674188415071
"458",229.5,18.4724950653187,19.8319148154605,25.4221807506614
"459",230,15.1579723486141,15.3617159077023,21.7126577727496
"460",230.5,18.4266600320957,19.7822444476182,25.3543864083791
"461",231,15.1187052343532,15.3216051349462,21.6512610821989
"462",231.5,18.3756569375885,19.7269735710174,25.278948015444
"463",232,15.0752106377055,15.2771586147877,21.5832781311326
"464",232.5,18.3195270426273,19.6661468990676,25.1959266005199
"465",233,15.0275234571581,15.2284120347306,21.50876343234
"466",233.5,18.2583148569204,19.5998126659125,25.1053879976686
"467",234,14.9756843814903,15.1754067348432,21.4277809081459
"468",234.5,18.1920778856888,19.5280331886332,25.0074172625419
"469",235,14.919741638701,15.1181920697117,21.3404058433796
"470",235.5,18.1208768830318,19.4508743050451,24.9021042561897
"471",236,14.8597466356076,15.0568206065612,21.2467185399871
"472",236.5,18.0447774519844,19.3684071076437,24.7895460116956
"473",237,14.7957594210122,14.9913533490437,21.1468133436033
"474",237.5,17.9638645913255,19.280723707644,24.6698682502799
"475",238,14.7278512959681,14.9218632624429,21.0408015583495
"476",238.5,17.8782281487698,19.1879214709412,24.5432038651968
"477",239,14.6560959859966,14.8484259393822,20.928798074364
"478",239.5,17.7879579720319,19.0900977634305,24.4096857497006
"479",240,14.580568741602,14.7711183972918,20.8109203467593
"480",240.5,17.6931486660602,18.9873551063112,24.269453833443
"481",241,14.5013532918372,14.6900259304799,20.6872996087445
"482",241.5,17.5939138647363,18.879816641999,24.1226761916657
"483",242,14.4185444052052,14.6052455686696,20.5580837312983
"484",242.5,17.4903719591758,18.7676106682136,23.9695279360079
"485",243,14.3322404503405,14.5168780605091,20.4234261581481
"486",243.5,17.3826451510487,18.650869612085,23.8101898142787
"487",244,14.242546587214,14.4250307844447,20.2834913693077
"488",244.5,17.2708708842435,18.5297424183839,23.6448651189684
"489",245,14.1495768184211,14.3298205190163,20.1384571716815
"490",245.5,17.1551904132039,18.4043821612909,23.4737627787372
"491",246,14.0534470518342,14.2313661074688,19.988504190259
"492",246.5,17.0357449923731,18.2749419149871,23.2970917222454
"493",247,13.9542735439782,14.1297867187963,19.8338136364519
"494",247.5,16.912676963826,18.1415759322941,23.1150624868627
"495",248,13.8521744898016,14.0252034143095,19.6745698717146
"496",248.5,16.7861330201628,18.004443180598,22.927892044797
"497",249,13.7472706081681,13.9177399383502,19.510961061343
"498",249.5,16.6562609416153,17.8637038059258,22.7357989769658
"499",250,13.6396833631821,13.8075208127742,19.3431765137785
"500",250.5,16.5232091367674,17.7195186352353,22.5390027936785
"501",251,13.5295353388245,13.6946716526768,19.1714073573219
"502",251.5,16.3871285276114,17.572051219207,22.3377267228136
"503",252,13.4169505772058,13.5793196232078,18.9958469178495
"504",252.5,16.2481706644922,17.4214657894525,22.1321949216414
"505",253,13.3020538794706,13.4615926456179,18.8166897341707
"506",253.5,16.1064884855031,17.2679280814545,21.9226336000438
"507",254,13.1849725200693,13.3416210556337,18.6341343643503
"508",254.5,15.9622404797317,17.11160984618,21.7092771783475
"509",255,13.0658369938077,13.219538612359,18.4483842199125
"510",255.5,15.8155865240145,16.9526843384674,21.4923621294904
"511",256,12.9447784893658,13.0954798268336,18.2596437386876
"512",256.5,15.6666864951878,16.7913248131551,21.2721249264104
"513",257,12.8219285350109,12.9695795273767,18.0681179296808
"514",257.5,15.5157013294416,16.6277056730785,21.0488036089295
"515",258,12.6974205470366,12.8419743854252,17.8740148700414
"516",258.5,15.3627962003799,16.4620059130609,20.8226424844054
"517",259,12.5713904000305,12.7128036856897,17.6775463418616
"518",259.5,15.2081373409605,16.2944056759226,20.5938874270797
"519",260,12.4439753573765,12.5822080895626,17.4789263556876
"520",260.5,15.0518936641906,16.1250880087918,20.3627882752401
"521",261,12.315317458959,12.4503329213235,17.2783766841356
"522",261.5,14.8942448032747,15.9542475760273,20.1296107233589
"523",262,12.1855649638804,12.3173301165506,17.0761284729257
"524",262.5,14.7353730714672,15.7820819462957,19.8946244299548
"525",263,12.0548660932668,12.1833517754961,16.872412532046
"526",263.5,14.5754564833036,15.6087840298415,19.6580926953354
"527",264,11.9233614068806,12.0485425192818,16.6674472213578
"528",264.5,14.4146558584453,15.4345281032208,19.4202533869663
"529",265,11.7911814890462,11.9130363647053,16.4614358665457
"530",265.5,14.2531277178353,15.2594837845676,19.1813380141018
"531",266,11.6584547747287,11.7769649993534,16.2545786141891
"532",266.5,14.0910285824164,15.083820692016,18.9415780859967
"533",267,11.5253062491806,11.6404568877126,16.0470698085574
"534",267.5,13.9285042116427,14.9076967817228,18.7011891946474
"535",268,11.3918417180601,11.5036217708806,15.8390726260503
"536",268.5,13.765657319013,14.7312233619367,18.4603232630178
"537",269,11.2581420143354,11.3665428429007,15.6307126062413
"538",269.5,13.6025798565374,14.554500078929,18.2191162968137
"539",270,11.1242798313364,11.2292948891666,15.4221026897005
"540",270.5,13.4393551697688,14.3776172523522,17.9776915719779
"541",271,10.9903125235904,11.0919377211172,15.2133308906208
"542",271.5,13.2760321784314,14.2006278953827,17.7361214454022
"543",272,10.8562774738165,10.9545099192926,15.0044551232956
"544",272.5,13.1126511957927,14.0235756945781,17.4944655442157
"545",273,10.7222077615055,10.817045400923,14.7955269371365
"546",273.5,12.9492525351199,13.8465043364959,17.2527834955475
"547",274,10.565398294766,10.658333587543,14.548352978001
"548",274.5,12.7149440544121,13.592589642714,16.9062191271211
"549",275,10.3808944886868,10.4684508833257,14.2617908997131
"550",275.5,12.5048449229616,13.3649100620818,16.5954626723051
"551",276,10.2061729584182,10.2895158957755,13.9892265749865
"552",276.5,12.2875009938749,13.1293794614279,16.2739904776679
"553",277,10.0278290293315,10.1066553982143,13.7113043803492
"554",277.5,12.0701570647881,12.893848860774,15.9525182830306
"555",278,9.895933076607,9.9671916988093,13.5115062505911
"556",278.5,11.9977090884259,12.815338660556,15.8453608848182
"557",279,9.76681313570139,9.84114300238807,13.3016794217267
"558",279.5,11.7079171829769,12.5012978596841,15.4167312919685
"559",280,9.53831082552487,9.60600836527109,12.9467413085195
"560",280.5,11.4471044680728,12.2186611388994,15.0309646584038
"561",281,9.37771328343737,9.43648208607726,12.7030773495657
"562",281.5,11.3529220988019,12.116597878616,14.8916600407277
"563",282,9.30043091416645,9.35724253713409,12.5826443985563
"564",282.5,11.258739729531,12.0145346183326,14.7523554230515
"565",283,9.22547094371365,9.28017282809874,12.4661176507907
"566",283.5,11.1718021578963,11.920322378071,14.6237665451966
"567",284,9.15181097326084,9.20485878916647,12.3510425696919
"568",284.5,11.0776197886254,11.8182591177877,14.4844619275205
"569",285,9.07452860398993,9.12561924022331,12.2306096186824
"570",285.5,10.9834374193545,11.7161958575043,14.3451573098443
"571",286,8.99956863353712,9.04854953118795,12.1140828709169
"572",286.5,10.8964998477198,11.6219836172427,14.2165684319894
"573",287,8.92590866308432,8.97323549225568,11.999007789818
"574",287.5,10.8023174784489,11.5199203569594,14.0772638143133
"575",288,8.85094869263151,8.89616578322033,11.8824810420525
"576",288.5,10.7153799068142,11.4257081166978,13.9486749364584
"577",289,8.77728872217871,8.82085174428806,11.7674059609537
"578",289.5,10.6211975375432,11.3236448564144,13.8093703187823
"579",290,8.7023287517259,8.74378203525271,11.6508792131881
"580",290.5,10.5342599659086,11.2294326161528,13.6807814409274
"581",291,8.6286687812731,8.66846799632044,11.5358041320893
"582",291.5,10.4400775966376,11.1273693558695,13.5414768232512
"583",292,8.55370881082029,8.59139828728508,11.4192773843238
"584",292.5,10.3531400250029,11.0331571156079,13.4128879453963
"585",293,8.48004884036749,8.51608424835282,11.3042023032249
"586",293.5,10.258957655732,10.9310938553245,13.2735833277202
"587",294,8.40508886991468,8.43901453931746,11.1876755554594
"588",294.5,10.1720200840973,10.836881615063,13.1449944498653
"589",295,8.33375129827999,8.365870340293,11.0765066776045
"590",295.5,10.0850825124626,10.7426693748014,13.0164055720104
"591",296,8.26009132782719,8.29055630136074,10.9614315965056
"592",296.5,9.99090014319173,10.640606114518,12.8771009543342
"593",297,8.18513135737438,8.21348659232538,10.8449048487401
"594",297.5,9.90396257155704,10.5463938742564,12.7485120764793
"595",298,8.11379378573969,8.14034239330092,10.7337359708852
"596",298.5,9.81702499992234,10.4521816339949,12.6199231986244
"597",299,8.042456214105,8.06719819427646,10.6225670930303
"598",299.5,9.73008742828765,10.3579693937333,12.4913343207695
"599",300,7.96879624365219,7.9918841553442,10.5074920119315
"600",300.5,9.63590505901673,10.2559061334499,12.3520297030934
"601",301,7.89383627319939,7.91481444630884,10.3909652641659
"602",301.5,9.54896748738204,10.1616938931884,12.2234408252385
"603",302,7.8224987015647,7.84167024728438,10.279796386311
"604",302.5,9.46202991574735,10.0674816529268,12.0948519473836
"605",303,7.75116112993,7.76852604825992,10.1686275084561
"606",303.5,9.37509234411266,9.97326941266522,11.9662630695287
"607",304,7.68214595711342,7.69755168914327,10.0613648338452
"608",304.5,9.29539957011419,9.88690819242544,11.848389931495
"609",305,7.61443078429684,7.62833300012971,9.95555382590092
"610",305.5,9.2084619984795,9.79269595216387,11.7198010536401
"611",306,7.54309321266215,7.55518880110525,9.84438494804602
"612",306.5,9.12152442684481,9.6984837119023,11.5912121757852
"613",307,7.47175564102746,7.48204460208079,9.73321607019112
"614",307.5,9.03458685521011,9.60427147164073,11.4626232979303
"615",308,7.40274046821088,7.41107024296414,9.62595339558017
"616",308.5,8.95489408121164,9.51791025140095,11.3447501598967
"617",309,7.3350252953943,7.34185155395058,9.52014238763589
"618",309.5,8.86795650957695,9.42369801113938,11.2161612820418
"619",310,7.26601012257772,7.27087719483392,9.41287971302494
"620",310.5,8.78826373557848,9.3373367908996,11.0982881440081
"621",311,7.20061734857925,7.20382834572817,9.31097490832462
"622",311.5,8.70857096158002,9.25097557065983,10.9804150059745
"623",312,7.13522457458078,7.13677949662242,9.20907010362429
"624",312.5,8.62887818758155,9.16461435042005,10.8625418679408
"625",313,7.06983180058231,7.06973064751666,9.10716529892397
"626",313.5,8.54918541358308,9.07825313018028,10.7446687299071
"627",314,7.00443902658384,7.00268179841091,9.00526049422364
"628",314.5,8.46949263958461,8.99189190994051,10.6267955918735
"629",315,6.93904625258538,6.93563294930515,8.90335568952332
"630",315.5,8.38979986558614,8.90553068970073,10.5089224538398
"631",316,6.87597587740502,6.87075394010721,8.80535708806694
"632",316.5,8.3173518892239,8.82702048948275,10.4017650556274
"633",317,6.81420550222466,6.80763060101235,8.70881015327724
"634",317.5,8.23765911522543,8.74065926924298,10.2838919175937
"635",318,6.75113512704431,6.7427515918144,8.61081155182087
"636",318.5,8.16521113886319,8.662149069025,10.1767345193813
"637",319,6.69168715068206,6.68179809262735,8.51817082027512
"638",319.5,8.09276316250094,8.58363886880703,10.0695771211689
"639",320,6.63223917431982,6.6208445934403,8.42553008872937
"640",320.5,8.0203151861387,8.50512866858905,9.9624197229565
"641",321,6.57279119795758,6.55989109425326,8.33288935718362
"642",321.5,7.94786720977645,8.42661846837107,9.85526232474408
"643",322,6.51334322159533,6.49893759506621,8.24024862563787
"644",322.5,7.87541923341421,8.34810826815309,9.74810492653166
"645",323,6.4562176440512,6.44015393578696,8.15151409733607
"646",323.5,7.81021605468819,8.27744908795692,9.65166326814049
"647",324,6.40039206650707,6.38312594661081,8.06423123570094
"648",324.5,7.73776807832595,8.19893888773894,9.54450586992807
"649",325,6.34326648896294,6.32434228733157,7.97549670739915
"650",325.5,7.67256489959993,8.12827970754276,9.44806421153689
"651",326,6.29208570905503,6.27165397797103,7.89602625225193
"652",326.5,7.61460651851013,8.06547154736838,9.36233829296696
"653",327,6.24220492914712,6.22072133871359,7.81800746377137
"654",327.5,7.54940333978411,7.9948123671722,9.26589663457578
"655",328,6.1887017504211,6.16586318944524,7.7346308053802
"656",328.5,7.4842001610581,7.92415318697602,9.16945497618461
"657",329,6.1375209705132,6.1131748800847,7.65516035023298
"658",329.5,7.4262417799683,7.86134502680164,9.08372905761468
"659",330,6.0899625894234,6.06441208073506,7.58104776499638
"660",330.5,7.3682833988785,7.79853686662726,8.99800313904474
"661",331,6.04240420833361,6.01564928138543,7.50693517975978
"662",331.5,7.31032501778871,7.73572870645287,8.91227722047481
"663",332,5.99484582724381,5.96688648203579,7.43282259452318
"664",332.5,7.25236663669891,7.67292054627849,8.82655130190488
"665",333,5.94960984497213,5.92029352259395,7.36261621253053
"666",333.5,7.20165305324534,7.61796340612591,8.75154112315618
"667",334,5.90799626151856,5.87762607316302,7.2977677004485
"668",334.5,7.15093946979177,7.56300626597332,8.67653094440749
"669",335,5.86638267806499,5.83495862373208,7.23291918836648
"670",335.5,7.1002258863382,7.50804912582074,8.6015207656588
"671",336,5.82476909461142,5.79229117430115,7.16807067628445
"672",336.5,7.04951230288463,7.45309198566816,8.52651058691011
"673",337,5.78315551115785,5.74962372487022,7.10322216420243
"674",337.5,6.99879871943106,7.39813484551557,8.45150040816142
"675",338,5.74386432652239,5.70912611534709,7.04227985536436
"676",338.5,6.95532993361372,7.35102872538479,8.38720596923397
"677",339,5.70819554070504,5.67255401583486,6.98669541643691
"678",339.5,6.91186114779637,7.303922605254,8.32291153030652
"679",340,5.6725267548877,5.63598191632263,6.93111097750946
"680",340.5,6.86839236197902,7.25681648512321,8.25861709137906
"681",341,5.63685796907035,5.5994098168104,6.87552653858201
"682",341.5,6.82492357616168,7.20971036499243,8.19432265245161
"683",342,5.60351158207111,5.56500755720598,6.82384830289851
"684",342.5,6.78869958798056,7.17045526488344,8.14074395334541
"685",343,5.57378759388999,5.53453080761245,6.77752793712564
"686",343.5,6.75247559979943,7.13120016477445,8.0871652542392
"687",344,5.54174120689076,5.50188421811112,6.72730136810881
"688",344.5,6.70900681398209,7.08409404464367,8.02287081531175
"689",345,5.51071721870964,5.4696517984145,6.67952933566927
"690",345.5,6.68002762343719,7.05268996455648,7.98000785602678
"691",346,5.48461562934663,5.44310055883188,6.63856683980701
"692",346.5,6.64380363525607,7.01343486444749,7.92642915692057
"693",347,5.45489164116551,5.41262380923835,6.59224647403414
"694",347.5,6.60757964707495,6.9741797643385,7.87285045781437
"695",348,5.4274900518025,5.38431689955263,6.54983231150522
"696",348.5,6.57860045653005,6.94277568425131,7.8299874985294
"697",349,5.4037108612576,5.35993549987781,6.51277601888691
"698",349.5,6.54962126598515,6.91137160416412,7.78712453924443
"699",350,5.3799316707127,5.335554100203,6.47571972626861
"700",350.5,6.52064207544025,6.87996752407693,7.74426157995946
"701",351,5.35847487898592,5.31334254043598,6.44256963689427
"702",351.5,6.49890768253158,6.85641446401153,7.71211436049574
"703",352,5.33831808725913,5.29288665077206,6.41087121418659
"704",352.5,6.46992849198668,6.82501038392434,7.66925140121077
"705",353,5.31686129553235,5.27067509100505,6.37772112481224
"706",353.5,6.44819409907801,6.80145732385895,7.63710418174705
"707",354,5.29670450380556,5.25021920134113,6.34602270210457
"708",354.5,6.41921490853311,6.77005324377176,7.59424122246208
"709",355,5.27524771207877,5.22800764157411,6.31287261273022
"710",355.5,6.39748051562444,6.74650018370636,7.56209400299836
"711",356,5.25973571798821,5.2118914317258,6.28898659651045
"712",356.5,6.38299092035199,6.73079814366277,7.54066252335587
"713",357,5.24552372389765,5.19753089198059,6.26655224695734
"714",357.5,6.36125652744332,6.70724508359738,7.50851530389215
"715",358,5.22768933098898,5.17924484222447,6.23876002749362
"716",358.5,6.33952213453464,6.68369202353198,7.47636808442842
"717",359,5.21217733689842,5.16312863237617,6.21487401127385
"718",359.5,6.32503253926219,6.66798998348839,7.45493660478594
"719",360,5.20028774162597,5.15093793253876,6.1963458649647
"720",360.5,6.31054294398975,6.65228794344479,7.43350512514346
"721",361,5.18839814635352,5.13874723270135,6.17781771865555
"722",361.5,6.2960533487173,6.6365859034012,7.41207364550097
"723",362,5.17650855108107,5.12655653286394,6.1592895723464
"724",362.5,6.28156375344485,6.6208838633576,7.39064216585849
"725",363,5.16461895580862,5.11436583302653,6.14076142603725
"726",363.5,6.2670741581724,6.60518182331401,7.36921068621601
"727",364,5.15272936053618,5.10217513318912,6.1222332797281
"728",364.5,6.25258456289995,6.58947978327041,7.34777920657352
"729",365,5.14316216408184,5.09215427325951,6.1076113366629
"730",365.5,6.24533976526373,6.58162876324861,7.33706346675228
